date,store_nbr,item_nbr,unit_sales,price
2018-01-01,0,0,50.517573486455014,1.0
2018-01-02,0,0,48.444914113671814,0.9970089730807579
2018-01-03,0,0,54.817900586818425,0.9940268924035474
2018-01-04,0,0,10.162897263149413,4.955268656049587
2018-01-05,0,0,10.651758766840109,4.940447314107267
2018-01-06,0,0,9.459521577764983,4.925670303197674
2018-01-07,0,0,9.611931251524592,4.910937490725498
2018-01-08,0,0,55.770215937208526,0.9792497488984045
2018-01-09,0,0,51.094473095201806,0.9763207865387883
2018-01-10,0,0,48.688852018323686,0.973400584784435
2018-01-11,0,0,10.281756517352639,4.852445587160694
2018-01-12,0,0,11.259252359969965,4.837931791785338
2018-01-13,0,0,9.56161476749915,4.82346140756265
2018-01-14,0,0,10.875158110214715,4.809034304648705
2018-01-15,0,0,50.29645175666228,0.9589300707175884
2018-01-16,0,0,56.74841345537797,0.9560618850624013
2018-01-17,0,0,52.27678296061303,0.9532022782277183
2018-01-18,0,0,9.8375675166034,4.751756122770281
2018-01-19,0,0,9.915397369427506,4.737543492293402
2018-01-20,0,0,11.746037935226596,4.723373372176871
2018-01-21,0,0,10.47832772804006,4.709245635271059
2018-01-22,0,0,53.32310069315243,0.9390320309613279
2018-01-23,0,0,54.94917396056457,0.9362233608786918
2018-01-24,0,0,53.637390103024444,0.9334230916038804
2018-01-25,0,0,11.562604653643708,4.653155990049255
2018-01-26,0,0,11.032882155533677,4.639238275223584
2018-01-27,0,0,10.032124845041364,4.625362188657611
2018-01-28,0,0,12.102424280994438,4.6115276058400925
2018-01-29,0,0,47.97971674342939,0.9195468805264392
2018-01-30,0,0,52.863565209489884,0.9167964910532794
2018-01-31,0,0,54.10509083264239,0.9140543280690723
2018-02-01,0,0,10.929097696593358,4.556601834840841
2018-02-02,0,0,10.005045368603367,4.542972916092563
2018-02-03,0,0,11.753551535969265,4.529384761807142
2018-02-04,0,0,10.652931204229347,4.515837250056971
2018-02-05,0,0,54.50054112136985,0.9004660518558266
2018-02-06,0,0,49.394380116666966,0.8977727336548621
2018-02-07,0,0,51.66109092714018,0.8950874712411387
2018-02-08,0,0,11.513334034360328,4.462051202597902
2018-02-09,0,0,11.480785677186422,4.448705087335895
2018-02-10,0,0,11.762919818721976,4.435398890663905
2018-02-11,0,0,10.609788602514447,4.4221324931843515
2018-02-12,0,0,59.81865462650906,0.881781155171356
2018-02-13,0,0,56.82625236896197,0.8791437239993581
2018-02-14,0,0,57.443574182007865,0.8765141814549932
2018-02-15,0,0,12.975182442546426,4.36946251971582
2018-02-16,0,0,11.360948349238088,4.356393339696731
2018-02-17,0,0,11.856605325819082,4.343363249946891
2018-02-18,0,0,11.944358410114281,4.330372133546252
2018-02-19,0,0,55.935187328749,0.8634839747848957
2018-02-20,0,0,56.797901763613936,0.8609012709719798
2018-02-21,0,0,52.58235200492445,0.8583262920956928
2018-02-22,0,0,12.34213076636976,4.278795075252708
2018-02-23,0,0,10.905088396663638,4.2659970840007055
2018-02-24,0,0,11.232491694527052,4.253237371885051
2018-02-25,0,0,11.051749355255218,4.240515824411816
2018-02-26,0,0,56.05453744447099,0.8455664654859053
2018-02-27,0,0,59.843261662457266,0.8430373534256286
2018-02-28,0,0,62.314608176908955,0.8405158060076058
2018-03-01,0,0,11.398012410020751,4.190009003028944
2018-03-02,0,0,12.871397621692381,4.177476573309018
2018-03-03,0,0,12.980423025199634,4.164981628423747
2018-03-04,0,0,10.550280234454783,4.1525240562549826
2018-03-05,0,0,53.589146047351576,0.8280207490039841
2018-03-06,0,0,60.990561136914934,0.8255441166540223
2018-03-07,0,0,64.67088182036996,0.823074891978088
2018-03-08,0,0,11.06486804660675,4.103065264098149
2018-03-09,0,0,12.01885478307561,4.090792885441823
2018-03-10,0,0,12.723810993285406,4.078557213800423
2018-03-11,0,0,12.09437103345078,4.066358139382276
2018-03-12,0,0,59.821678603105546,0.8108391105448204
2018-03-13,0,0,62.535491465252115,0.8084138689380066
2018-03-14,0,0,61.76043489023314,0.8059958812941243
2018-03-15,0,0,12.501008456402438,4.017925629581878
2018-03-16,0,0,11.397320229861824,4.005907905864286
2018-03-17,0,0,12.548528153223174,3.993926127481841
2018-03-18,0,0,13.155883421957606,3.9819801869210782
2018-03-19,0,0,53.93095184562479,0.7940139953980212
2018-03-20,0,0,68.07450461774843,0.7916390781635307
2018-03-21,0,0,59.419650195692974,0.7892712643704195
2018-03-22,0,0,14.018826954953651,3.934552663860519
2018-03-23,0,0,11.12210351463978,3.9227843109277365
2018-03-24,0,0,12.969220773665953,3.9110511574553706
2018-03-25,0,0,13.022788512283148,3.8993530981608884
2018-03-26,0,0,58.36620949856012,0.7775380056153312
2018-03-27,0,0,63.61775015752554,0.7752123685098019
2018-03-28,0,0,57.6916613583607,0.7728936874474596
2018-03-29,0,0,12.601252360581782,3.8529097081129624
2018-03-30,0,0,12.971341852190188,3.8413855514585866
2018-03-31,0,0,13.248140552030378,3.8298958638669864
2018-04-01,0,0,13.029934620434926,3.818440542240266
2018-04-02,0,0,67.43807820998505,0.7614038967577794
2018-04-03,0,0,66.2934374831247,0.759126517206161
2018-04-04,0,0,63.45316894964881,0.7568559493580868
2018-04-05,0,0,14.620930579286453,3.772960864197843
2018-04-06,0,0,13.544078921348296,3.76167583668778
2018-04-07,0,0,12.352200973692195,3.7504245629987842
2018-04-08,0,0,13.092681401096124,3.7392069421722676
2018-04-09,0,0,69.48019052491688,0.7456045747103222
2018-04-10,0,0,67.67273908803014,0.7433744513562534
2018-04-11,0,0,60.10111098637291,0.74115099836117
2018-04-12,0,0,14.204807614617593,3.694670978869245
2018-04-13,0,0,12.996960470222442,3.6836201185137045
2018-04-14,0,0,13.414430907538362,3.6726023115789683
2018-04-15,0,0,14.103988206388447,3.6616174592013646
2018-04-16,0,0,58.53827697027769,0.7301330925625847
2018-04-17,0,0,65.96294819631673,0.7279492448281004
2018-04-18,0,0,70.41503585941221,0.7257719290409775
2018-04-19,0,0,14.959012539766356,3.6180056283199318
2018-04-20,0,0,15.45873447816294,3.607184076091657
2018-04-21,0,0,13.351920609116718,3.596394891417405
2018-04-22,0,0,13.908974510880451,3.5856379774849505
2018-04-23,0,0,70.55413550524614,0.7149826475543265
2018-04-24,0,0,70.6892710468811,0.7128441152087005
2018-04-25,0,0,76.93571960767025,0.710711979270888
2018-04-26,0,0,15.011998029153999,3.5429311030453072
2018-04-27,0,0,14.151854047340159,3.5323341007430784
2018-04-28,0,0,15.895155625111078,3.521768794359999
2018-04-29,0,0,14.700999207983923,3.5112350890927213
2018-04-30,0,0,70.31396288848183,0.7001465780842909
2018-05-01,0,0,70.75408586667349,0.6980524208218256
2018-05-02,0,0,66.02461077807982,0.6959645272401053
2018-05-03,0,0,14.203798833954169,3.469414393021465
2018-05-04,0,0,13.600054223847975,3.459037281177932
2018-05-05,0,0,13.234908521497442,3.4486912075552665
2018-05-06,0,0,16.220411693871384,3.438376079317315
2018-05-07,0,0,79.63098894246572,0.6856183607811192
2018-05-08,0,0,77.33999674154944,0.6835676578076961
2018-05-09,0,0,78.71731906539632,0.68152308854207
2018-05-10,0,0,12.857422590197743,3.3974231731907807
2018-05-11,0,0,16.539157650243183,3.3872613890237098
2018-05-12,0,0,16.689245945198447,3.3771299990266304
2018-05-13,0,0,14.788919920720348,3.3670289122897614
2018-05-14,0,0,83.20719281392189,0.6713916076350467
2018-05-15,0,0,65.47408369586427,0.6693834572632569
2018-05-16,0,0,75.47924221808577,0.6673813133232871
2018-05-17,0,0,13.78486484711731,3.3269257892486928
2018-05-18,0,0,15.245220816231,3.316974864654729
2018-05-19,0,0,15.692501072846534,3.307053703544097
2018-05-20,0,0,14.86234769836506,3.297162216893417
2018-05-21,0,0,82.68163464112799,0.6574600631891157
2018-05-22,0,0,68.88760248617774,0.6554935824417903
2018-05-23,0,0,77.29142895942756,0.6535329834913164
2018-05-24,0,0,15.451792511373787,3.257891243725409
2018-05-25,0,0,13.922179946409774,3.248146803315463
2018-05-26,0,0,15.397552744814947,3.238431508789096
2018-05-27,0,0,15.284652195848276,3.2287452729701855
2018-05-28,0,0,78.29867654393095,0.6438176017886708
2018-05-29,0,0,76.18044487157965,0.6418919260106389
2018-05-30,0,0,84.95097567449672,0.6399720099806969
2018-05-31,0,0,15.46682420531496,3.190289182356418
2018-06-01,0,0,15.033635212534433,3.180746941531823
2018-06-02,0,0,16.35864580870476,3.1712332418064038
2018-06-03,0,0,15.50066509084914,3.1617479978129652
2018-06-04,0,0,74.9071640663747,0.6304582248879289
2018-06-05,0,0,76.03030237127376,0.6285725073658315
2018-06-06,0,0,80.17288335265047,0.6266924300756047
2018-06-07,0,0,17.208558343635936,3.124089880735819
2018-06-08,0,0,15.858504038420069,3.1147456438044063
2018-06-09,0,0,16.863205077242455,3.1054293557371953
2018-06-10,0,0,15.186032824976639,3.0961409329383804
2018-06-11,0,0,77.39312498718512,0.6173760584124384
2018-06-12,0,0,80.1075404526558,0.6155294700024311
2018-06-13,0,0,89.53142227685937,0.6136884047880669
2018-06-14,0,0,14.600329716807424,3.0592642312465976
2018-06-15,0,0,15.487735869475966,3.050113889577864
2018-06-16,0,0,16.91509781848433,3.040990916827382
2018-06-17,0,0,16.33798558879445,3.03189523113398
2018-06-18,0,0,76.66793632532128,0.604565350176267
2018-06-19,0,0,86.06016207270788,0.6027570789394486
2018-06-20,0,0,84.25615223669807,0.600954216290577
2018-06-21,0,0,16.78103220211322,2.995783730262101
2018-06-22,0,0,15.274673108411477,2.986823260480659
2018-06-23,0,0,18.06109072919349,2.9778895917055426
2018-06-24,0,0,16.87100397970924,2.9689826437742206
2018-06-25,0,0,85.33228423914109,0.5920204673527855
2018-06-26,0,0,84.86643786388873,0.5902497181981909
2018-06-27,0,0,77.50766074267548,0.5884842654019851
2018-06-28,0,0,17.043186936204904,2.933620465613088
2018-06-29,0,0,16.256359571849647,2.9248459278295993
2018-06-30,0,0,16.9746292655307,2.916097634924825
2018-07-01,0,0,16.961596723714173,2.9073755083996264
2018-07-02,0,0,89.24505404851014,0.5797358939979312
2018-07-03,0,0,88.86690782905305,0.5780018883329325
2018-07-04,0,0,98.44736032785663,0.576273069125556
2018-07-05,0,0,17.133248651253048,2.8727471043148363
2018-07-06,0,0,17.46279014248257,2.8641546403936555
2018-07-07,0,0,16.696527017514455,2.855587876763366
2018-07-08,0,0,18.463106653217018,2.8470467365537053
2018-07-09,0,0,84.71721826960864,0.5677062286248664
2018-07-10,0,0,86.7509384341014,0.5660082040128279
2018-07-11,0,0,87.00838262981574,0.5643152582381137
2018-07-12,0,0,17.341201432301936,2.8131368805489223
2018-07-13,0,0,18.39640646541907,2.804722712411688
2018-07-14,0,0,18.156397278460986,2.796333711277854
2018-07-15,0,0,19.113480079399437,2.787969801872238
2018-07-16,0,0,89.51810505210314,0.5559261818289606
2018-07-17,0,0,97.11517789872786,0.5542633916539987
2018-07-18,0,0,92.76172698133892,0.5526055749292111
2018-07-19,0,0,18.84453736568345,2.7547635838943734
2018-07-20,0,0,17.897168686070913,2.746524011858797
2018-07-21,0,0,18.931307506322266,2.7383090846049827
2018-07-22,0,0,19.792118059475047,2.7301187284197237
2018-07-23,0,0,95.07164351687307,0.5443905739620585
2018-07-24,0,0,96.68223312863229,0.5427622871007562
2018-07-25,0,0,99.16141366882707,0.5411388704892884
2018-07-26,0,0,19.271200945372822,2.697601547803034
2018-07-27,0,0,20.615352758112188,2.689532948956166
2018-07-28,0,0,17.567741542918867,2.681488483505649
2018-07-29,0,0,16.728769892721534,2.673468079267846
2018-07-30,0,0,89.54129000528322,0.5330943328550041
2018-07-31,0,0,93.21193332203676,0.5314998333549393
2018-08-01,0,0,104.616521383668,0.529910103045802
2018-08-02,0,0,18.42367061538921,2.641625638314068
2018-08-03,0,0,19.213273037092808,2.6337244649193106
2018-08-04,0,0,19.745013910511673,2.6258469241468703
2018-08-05,0,0,20.363221121015442,2.6179929453109376
2018-08-06,0,0,103.5291019329374,0.5220324915874254
2018-08-07,0,0,107.13619988386348,0.5204710783523683
2018-08-08,0,0,92.45944766963254,0.5189143353463294
2018-08-09,0,0,21.67461680888084,2.5868112430026393
2018-08-10,0,0,18.67691047437267,2.57907402093982
2018-08-11,0,0,21.104289386307805,2.5713599411164707
2018-08-12,0,0,19.943895257009924,2.5636689343135304
2018-08-13,0,0,95.75068411825403,0.5112001863037947
2018-08-14,0,0,111.42452999978252,0.5096711727854385
2018-08-15,0,0,85.70758999350392,0.5081467325876755
2018-08-16,0,0,18.261926976255474,2.5331342601579037
2018-08-17,0,0,19.69057579397176,2.5255575873957166
2018-08-18,0,0,19.14452157076669,2.51800357666572
2018-08-19,0,0,19.673596991477243,2.5104721601851647
2018-08-20,0,0,104.86641699035228,0.5005926540748087
2018-08-21,0,0,110.11127910280736,0.49909536797089604
2018-08-22,0,0,102.9515992573756,0.49760256029002603
2018-08-23,0,0,18.673450667514615,2.480571088185573
2018-08-24,0,0,21.03005490873374,2.473151633285716
2018-08-25,0,0,19.026347853004463,2.4657543701751905
2018-08-26,0,0,18.71954596838569,2.4583792324777574
2018-08-27,0,0,107.81043951787491,0.4902052308031423
2018-08-28,0,0,94.42305165406555,0.48873901376185686
2018-08-29,0,0,105.25329999618167,0.4872771822152112
2018-08-30,0,0,20.969842096960544,2.429098615230364
2018-08-31,0,0,19.547654681046208,2.421833115882716
2018-09-01,0,0,19.903045770096973,2.414589347839199
2018-09-02,0,0,20.56364955574118,2.4073672461008964
2018-09-03,0,0,118.42056769770211,0.4800333491726616
2018-09-04,0,0,101.47435142092596,0.4785975565031522
2018-09-05,0,0,111.930226318832,0.4771660583281677
2018-09-06,0,0,21.00444140392612,2.3786942090137964
2018-09-07,0,0,22.164351477677357,2.3715794706019904
2018-09-08,0,0,20.829914962257902,2.364486012564298
2018-09-09,0,0,20.161675662078764,2.3574137712505463
2018-09-10,0,0,102.1085472323107,0.470072536640189
2018-09-11,0,0,102.87323440355289,0.4686665370291017
2018-09-12,0,0,104.50174026031172,0.4672647428006997
2018-09-13,0,0,20.26433953353981,2.3293357068828486
2018-09-14,0,0,20.436069939127922,2.32236860107961
2018-09-15,0,0,20.173765078785102,2.315422334077378
2018-09-16,0,0,20.445587267353545,2.308496843546738
2018-09-17,0,0,115.07377026775842,0.4603184134689412
2018-09-18,0,0,92.69090036005679,0.4589415887028327
2018-09-19,0,0,119.22180442007715,0.45756888205666274
2018-09-20,0,0,22.580177457639618,2.281001406065117
2018-09-21,0,0,23.968388865167885,2.274178869456747
2018-09-22,0,0,21.58146308635488,2.2673767392390305
2018-09-23,0,0,21.407151489727315,2.260594954375903
2018-09-24,0,0,116.02596682561857,0.45076669080277265
2018-09-25,0,0,104.58777162290114,0.44941843549628385
2018-09-26,0,0,117.92395731047608,0.4480742128577107
2018-09-27,0,0,22.79817239112509,2.2336700541261743
2018-09-28,0,0,23.159214365442697,2.2269890868655775
2018-09-29,0,0,22.534182808830153,2.2203281025579042
2018-09-30,0,0,23.29924805161156,2.2136870414336034
2018-10-01,0,0,106.85733449756906,0.4414131687803798
2018-10-02,0,0,121.82652418820958,0.44009289011004965
2018-10-03,0,0,108.72828279149829,0.43877656042876345
2018-10-04,0,0,23.758059813929037,2.1873208396249417
2018-10-05,0,0,22.101996455180142,2.180778504112604
2018-10-06,0,0,23.919107707170518,2.174255736901899
2018-10-07,0,0,24.279422432446204,2.1677524794635086
2018-10-08,0,0,125.22470724563752,0.43225373468863604
2018-10-09,0,0,109.73747442168246,0.43096085213223934
2018-10-10,0,0,107.62973126781432,0.4296718366223723
2018-10-11,0,0,23.089244072040813,2.141933382962972
2018-10-12,0,0,25.1006796533748,2.135526802555306
2018-10-13,0,0,22.889623397353247,2.1291393844021
2018-10-14,0,0,24.295485586661595,2.1227710711885344
2018-10-15,0,0,115.44569567605613,0.42328436115424445
2018-10-16,0,0,118.83807492955374,0.4220183062355379
2018-10-17,0,0,126.96159797714992,0.42075603812117446
2018-10-18,0,0,23.664970531860746,2.0974877274236
2018-10-19,0,0,22.436799426648793,2.091214085168096
2018-10-20,0,0,23.79537924272347,2.08495920754546
2018-10-21,0,0,22.23552262804367,2.07872303843017
2018-10-22,0,0,120.99239938321186,0.4145011043729155
2018-10-23,0,0,126.82104553985481,0.4132613204116805
2018-10-24,0,0,125.13110590652504,0.4120252446776476
2018-10-25,0,0,23.463883484465,2.053964330397046
2018-10-26,0,0,26.944462678382873,2.047820867793665
2018-10-27,0,0,25.06899561511041,2.0416957804523084
2018-10-28,0,0,26.522764762265034,2.035589013412072
2018-10-29,0,0,115.52054256050076,0.40590010237528895
2018-10-30,0,0,114.42592204638633,0.4046860442425613
2018-10-31,0,0,116.4811227082352,0.4034756173903902
2018-11-01,0,0,24.227018020801466,2.0113440547875867
2018-11-02,0,0,24.748351808772576,2.0053280705758594
2018-11-03,0,0,24.245650227592208,1.999330080334855
2018-11-04,0,0,24.761908677042648,1.993350030244123
2018-11-05,0,0,117.70029543163601,0.3974775733288384
2018-11-06,0,0,115.48531471723335,0.3962887072072168
2018-11-07,0,0,116.48184514209082,0.3951033970161683
2018-11-08,0,0,28.609768671555653,1.969608160599043
2018-11-09,0,0,23.601512915500443,1.9637170095703325
2018-11-10,0,0,22.571460092137936,1.9578434791329338
2018-11-11,0,0,27.129490391559976,1.9519875165831844
2018-11-12,0,0,127.91323061369089,0.3892298138750122
2018-11-13,0,0,131.1119555548476,0.3880656170239405
2018-11-14,0,0,126.48233401192422,0.38690490231698954
2018-11-15,0,0,26.01168438542094,1.9287382966948614
2018-11-16,0,0,24.82572759267417,1.9229693885292738
2018-11-17,0,0,24.568279733927685,1.917217735323304
2018-11-18,0,0,24.394509602429196,1.9114832854669033
2018-11-19,0,0,136.59385754160698,0.38115319750087845
2018-11-20,0,0,132.03303470346629,0.3800131580267981
2018-11-21,0,0,122.9552403689357,0.3788765284414737
2018-11-22,0,0,26.147307037070725,1.8887164927291793
2018-11-23,0,0,24.99263630091447,1.8830672908566097
2018-11-24,0,0,24.075816706754257,1.8774349858989132
2018-11-25,0,0,28.163071708756853,1.8718195273169624
2018-11-26,0,0,131.43263613877633,0.37324417294455925
2018-11-27,0,0,141.52196366136633,0.3721277895758318
2018-11-28,0,0,129.15316943984791,0.37101474533981244
2018-11-29,0,0,28.89324769698471,1.8495251512453241
2018-11-30,0,0,28.858669872779092,1.8439931717301339
2018-12-01,0,0,27.215435981702786,1.8384777385145903
2018-12-02,0,0,29.346954416673714,1.8329788021082658
2018-12-03,0,0,150.37489826384498,0.3654992626337524
2018-12-04,0,0,137.31376563940367,0.36440604450025166
2018-12-05,0,0,124.98646709601194,0.3633160962116168
2018-12-06,0,0,27.07922114568758,1.8111470399382676
2018-12-07,0,0,31.37296511176358,1.8057298503871064
2018-12-08,0,0,28.053154787831538,1.8003288637957195
2018-12-09,0,0,27.498012080540306,1.7949440317006178
2018-12-10,0,0,139.90425729974487,0.35791506115665406
2018-12-11,0,0,124.62789955770522,0.35684452757393226
2018-12-12,0,0,139.05729676307118,0.3557771959859744
2018-12-13,0,0,29.687717393648008,1.7735652840776372
2018-12-14,0,0,28.38440494051296,1.7682605025699278
2018-12-15,0,0,26.1862320900298,1.7629715878065084
2018-12-16,0,0,28.587440753985526,1.7576984923295202
2018-12-17,0,0,146.64914166506486,0.3504882337646106
2018-12-18,0,0,140.52862252094846,0.349439914022543
2018-12-19,0,0,134.25298723282427,0.34839472983304387
2018-12-20,0,0,29.353018450813515,1.736763359087954
2018-12-21,0,0,25.316823934677096,1.7315686531285686
2018-12-22,0,0,25.784154340681606,1.726389484674545
2018-12-23,0,0,28.728078342717968,1.7212258072527868
2018-12-24,0,0,129.32516579525907,0.34321551490584024
2018-12-25,0,0,126.00102342127283,0.34218894806165534
2018-12-26,0,0,140.7204667988424,0.3411654517065357
2018-12-27,0,0,33.34375167361965,1.7007250832828285
2018-12-28,0,0,28.13681139959744,1.6956381687764992
2018-12-29,0,0,31.547308622225874,1.6905664693683942
2018-12-30,0,0,28.48607264897259,1.685509939549745
2018-12-31,0,0,131.04687114253974,0.33609370678958067
2019-01-01,0,0,160.00675310953693,0.3350884414651852
2019-01-02,0,0,163.2005283010343,0.3340861829164359
2019-01-03,0,0,29.522158474779413,1.665434610749928
2019-01-04,0,0,32.559917219457304,1.6604532509969374
2019-01-05,0,0,28.025004265676916,1.6554867906250623
2019-01-06,0,0,30.318611920567403,1.6505351850698529
2019-01-07,0,0,157.30137823345592,0.32911967798003083
2019-01-08,0,0,168.274325955223,0.32813527216354027
2019-01-09,0,0,148.0250254073134,0.32715381073134625
2019-01-10,0,0,27.748917407347896,1.630876424383579
2019-01-11,0,0,31.57375522896954,1.6259984290962903
2019-01-12,0,0,28.536717410324624,1.621135024024218
2019-01-13,0,0,28.866845576390006,1.616286165527635
2019-01-14,0,0,164.16207089780906,0.322290362019469
2019-01-15,0,0,145.46783353586545,0.32132638287085646
2019-01-16,0,0,142.48008080855038,0.32036528700982697
2019-01-17,0,0,29.843154154000025,1.5970353290619475
2019-01-18,0,0,30.875513109473054,1.5922585534017424
2019-01-19,0,0,35.201776757722115,1.587496065206124
2019-01-20,0,0,30.63754681728354,1.5827478217409017
2019-01-21,0,0,140.8730351345323,0.315602756079941
2019-01-22,0,0,162.04647587166616,0.3146587797407188
2019-01-23,0,0,173.51448342042562,0.31371762686013843
2019-01-24,0,0,32.508429775441975,1.563896444965793
2019-01-25,0,0,30.175280097154793,1.559218788599993
2019-01-26,0,0,29.22511573655774,1.5545551232303025
2019-01-27,0,0,33.70499267697271,1.5499054070092748
2019-01-28,0,0,149.509035854229,0.3090539196429266
2019-01-29,0,0,158.1550153232652,0.30812953104977736
2019-01-30,0,0,177.24044695265007,0.307207907327794
2019-01-31,0,0,35.349298089789286,1.531445201035861
2019-02-01,0,0,32.67124211624058,1.5268646072142182
2019-02-02,0,0,35.41992260701555,1.5222977140720024
2019-02-03,0,0,34.72548747538575,1.5177444806301124
2019-02-04,0,0,167.67117669600378,0.30264097320640365
2019-02-05,0,0,162.1905437784388,0.3017357659086776
2019-02-06,0,0,166.4531385786246,0.3008332661103466
2019-02-07,0,0,34.05270324150008,1.4996673285660331
2019-02-08,0,0,33.63935406515581,1.4951817832163843
2019-02-09,0,0,37.731787477217935,1.4907096542536236
2019-02-10,0,0,33.31157186629844,1.4862509015489767
2019-02-11,0,0,160.5793640556943,0.29636109701873964
2019-02-12,0,0,190.67646735704753,0.29547467299974045
2019-02-13,0,0,171.7857844941345,0.29459090029884394
2019-02-14,0,0,29.677904685416372,1.4685488549294288
2019-02-15,0,0,33.225703049756945,1.4641563857721127
2019-02-16,0,0,38.22532143506518,1.459777054608288
2019-02-17,0,0,33.90212437498892,1.4554108221418627
2019-02-18,0,0,164.29274650677715,0.2902115298388565
2019-02-19,0,0,185.18104221323256,0.28934349934083403
2019-02-20,0,0,182.2778427028972,0.2884780651453979
2019-02-21,0,0,33.970688236128844,1.438076097434683
2019-02-22,0,0,35.82370619655858,1.4337747731153372
2019-02-23,0,0,34.99943450925332,1.4294863141728187
2019-02-24,0,0,32.8667448864189,1.4252106821264396
2019-02-25,0,0,171.3715526740857,0.2841895677221221
2019-02-26,0,0,173.7743259486348,0.28333954907489745
2019-02-27,0,0,156.53975687490524,0.2824920728563285
2019-02-28,0,0,31.405550588498116,1.408235657309711
2019-03-01,0,0,35.215609693734436,1.404023586550061
2019-03-02,0,0,36.716457355798056,1.3998241142074388
2019-03-03,0,0,40.113446964738785,1.39563720259964
2019-03-04,0,0,174.4624815460594,0.2782925628314342
2019-03-05,0,0,163.5567346470077,0.27746018228458047
2019-03-06,0,0,176.0383930959426,0.2766302914103495
2019-03-07,0,0,37.374683841564625,1.379014413810314
2019-03-08,0,0,37.431486176876874,1.3748897445765844
2019-03-09,0,0,38.52527180071874,1.370777412339566
2019-03-10,0,0,36.25449167359305,1.3666773801989691
2019-03-11,0,0,190.97575455624127,0.2725179222729755
2019-03-12,0,0,194.0617179091935,0.2717028138314811
2019-03-13,0,0,170.16268617266005,0.27089014340127726
2019-03-14,0,0,36.90682460697976,1.3503995184510305
2019-03-15,0,0,40.24167649657289,1.3463604371396116
2019-03-16,0,0,37.22900725405118,1.3423334368291244
2019-03-17,0,0,37.197546762759444,1.3383184813849698
2019-03-18,0,0,186.40967704766567,0.26686310695612614
2019-03-19,0,0,185.38927720074332,0.26606491221946776
2019-03-20,0,0,186.6938671739195,0.2652691049047536
2019-03-21,0,0,40.25578236698328,1.322378389355698
2019-03-22,0,0,38.48609175375606,1.318423119995711
2019-03-23,0,0,36.80147481323622,1.3144796809528527
2019-03-24,0,0,34.05037220254516,1.3105480368423257
2019-03-25,0,0,187.7638569207274,0.2613256304770346
2019-03-26,0,0,193.4276014369868,0.2605439984815898
2019-03-27,0,0,195.32117842905015,0.2597647043684844
2019-03-28,0,0,37.34610491476563,1.2949387057252444
2019-03-29,0,0,36.04344819024697,1.2910655091976515
2019-03-30,0,0,38.907283168430325,1.2872038975051363
2019-03-31,0,0,39.198374362925435,1.2833538359971448
2019-04-01,0,0,185.63902203765304,0.25590305802535335
2019-04-02,0,0,184.35468871348507,0.25513764509008313
2019-04-03,0,0,191.1675612231805,0.2543745215255066
2019-04-04,0,0,36.248586899606465,1.2680684024202704
2019-04-05,0,0,37.79587555726217,1.264275575693191
2019-04-06,0,0,41.376655759269674,1.260494093412952
2019-04-07,0,0,35.14825774468903,1.2567239216480084
2019-04-08,0,0,197.07611822555452,0.2505930053136612
2019-04-09,0,0,205.94584505311022,0.24984347488899422
2019-04-10,0,0,201.64957192552566,0.24909618633000424
2019-04-11,0,0,35.45654667848976,1.2417556646560506
2019-04-12,0,0,42.71328855663242,1.238041540035943
2019-04-13,0,0,39.321029305727606,1.2343385244625555
2019-04-14,0,0,43.55205643610736,1.2306465847084302
2019-04-15,0,0,211.48825154612976,0.24539313752909928
2019-04-16,0,0,187.26198448550446,0.24465916004895247
2019-04-17,0,0,206.71449927515752,0.24392737791520688
2019-04-18,0,0,38.85818833281059,1.2159889228076093
2019-04-19,0,0,36.42373657952106,1.2123518672059914
2019-04-20,0,0,43.72755086844389,1.2087256901355847
2019-04-21,0,0,36.09471471527523,1.2051103590584096
2019-04-22,0,0,186.78561534067342,0.24030116830676218
2019-04-23,0,0,200.4976958223926,0.2395824210436313
2019-04-24,0,0,211.03767502141636,0.23886582357291264
2019-04-25,0,0,43.442073078163524,1.1907568473225931
2019-04-26,0,0,42.87634339802992,1.1871952615379793
2019-04-27,0,0,36.19273472398886,1.1836443285523224
2019-04-28,0,0,46.85847555263996,1.180104016502814
2019-04-29,0,0,200.0933279578418,0.23531485872439017
2019-04-30,0,0,234.1443479097202,0.23461102564744787
2019-05-01,0,0,222.70535998506563,0.23390929775418534
2019-05-02,0,0,46.02637613545024,1.166048343739705
2019-05-03,0,0,43.207127171967535,1.1625606617544417
2019-05-04,0,0,42.9519444968623,1.1590834115198823
2019-05-05,0,0,38.58393049794859,1.1556165618343792
2019-05-06,0,0,209.7229389390156,0.23043201631792268
2019-05-07,0,0,217.40511980102355,0.2297427879540605
2019-05-08,0,0,234.08556907493193,0.22905562109078817
2019-05-09,0,0,44.730143198723624,1.1418525478105064
2019-05-10,0,0,41.09138739054701,1.1384372361022
2019-05-11,0,0,47.22089591082774,1.1350321396831506
2019-05-12,0,0,45.661892863888866,1.1316372279991533
2019-05-13,0,0,227.0992217240185,0.22565049411747884
2019-05-14,0,0,206.86682444763434,0.22497556741523317
2019-05-15,0,0,216.9977114673822,0.22430265943692243
2019-05-16,0,0,42.489062441329295,1.118158820722442
2019-05-17,0,0,40.414531150522194,1.114814377589673
2019-05-18,0,0,40.05407055654337,1.1114799377763442
2019-05-19,0,0,44.788285983129654,1.1081554713622574
2019-05-20,0,0,210.34667413471706,0.22096818970334206
2019-05-21,0,0,211.08656237114698,0.22030726789964314
2019-05-22,0,0,231.14087494923012,0.21964832293085063
2019-05-23,0,0,47.86986133947503,1.0949567444209876
2019-05-24,0,0,47.18131049687261,1.0916816993230185
2019-05-25,0,0,41.710443663987924,1.0884164499730993
2019-05-26,0,0,48.88596904021496,1.0851609670718838
2019-05-27,0,0,234.9676818196089,0.2163830442815328
2019-05-28,0,0,229.24026322344605,0.21573583677121916
2019-05-29,0,0,213.0447815764597,0.2150905650759912
2019-05-30,0,0,46.20099238962211,1.0722361170288666
2019-05-31,0,0,43.7475168082837,1.0690290299390497
2019-06-01,0,0,47.96970326986399,1.0658315353330505
2019-06-02,0,0,47.23687903630057,1.0626436045194922
2019-06-03,0,0,248.66265416612887,0.21189304177856336
2019-06-04,0,0,255.4909781427227,0.21125926398660355
2019-06-05,0,0,217.6050229135581,0.21062738184108035
2019-06-06,0,0,44.20436931703255,1.0499869483603181
2019-06-07,0,0,50.37551928578954,1.0468464091329195
2019-06-08,0,0,46.42516462116086,1.0437152633428908
2019-06-09,0,0,47.96398761530594,1.0405934828942083
2019-06-10,0,0,253.48926330896646,0.2074962079549773
2019-06-11,0,0,263.9905797750041,0.2068755812113433
2019-06-12,0,0,255.20058572541217,0.20625681077900632
2019-06-13,0,0,51.1410891761965,1.0281994555284435
2019-06-14,0,0,51.60858091864741,1.0251240832786077
2019-06-15,0,0,45.87759554502817,1.022057909549958
2019-06-16,0,0,48.18321737161765,1.0190009068294696
2019-06-17,0,0,271.8440148871562,0.20319060953728266
2019-06-18,0,0,234.2279932706882,0.20258286095441944
2019-06-19,0,0,239.78714770670283,0.20197693016392765
2019-06-20,0,0,47.7207545139232,1.0068640586437048
2019-06-21,0,0,48.22126672625704,1.003852501140284
2019-06-22,0,0,48.91571864600782,1.0008499512864248
2019-06-23,0,0,46.78395509663049,0.9978563821400048
2019-06-24,0,0,262.3610482318866,0.19897435336789782
2019-06-25,0,0,256.66607841068105,0.1983792157207356
2019-06-26,0,0,243.9890352652533,0.19778585814629673
2019-06-27,0,0,48.5023271280985,0.9859713766016761
2019-06-28,0,0,54.572688829774485,0.9830223096726582
2019-06-29,0,0,48.59213766196485,0.9800820634822118
2019-06-30,0,0,51.7631746831242,0.9771506116472701
2019-07-01,0,0,245.49152481455295,0.19484558557273632
2019-07-02,0,0,254.91734489312933,0.19426279718119277
2019-07-03,0,0,257.28287281060244,0.19368175192541653
2019-07-04,0,0,54.60127905261019,0.9655122229582058
2019-07-05,0,0,50.76853468742476,0.9626243499084806
2019-07-06,0,0,52.32121086288607,0.9597451145647863
2019-07-07,0,0,56.470009069688246,0.9568744910915119
2019-07-08,0,0,261.39404733608615,0.19080249074606462
2019-07-09,0,0,259.11100118182986,0.19023179535998466
2019-07-10,0,0,251.68339783118665,0.1896628069391672
2019-07-11,0,0,48.16314577767742,0.9454776018901636
2019-07-12,0,0,48.867888305215935,0.9426496529313696
2019-07-13,0,0,58.952524890767435,0.9398301624440376
2019-07-14,0,0,55.26050095765492,0.9370191051286517
2019-07-15,0,0,266.0820324889429,0.18684329115227394
2019-07-16,0,0,276.3960000151766,0.1862844378387577
2019-07-17,0,0,283.2350645627111,0.1857272560705461
2019-07-18,0,0,56.120511560656354,0.9258587042400086
2019-07-19,0,0,55.26661774634508,0.923089435932212
2019-07-20,0,0,52.461328194392905,0.9203284505804707
2019-07-21,0,0,56.84687800518434,0.9175757234102401
2019-07-22,0,0,246.4559648314046,0.18296624594421582
2019-07-23,0,0,262.53527813214026,0.182418988977284
2019-07-24,0,0,260.0453674078791,0.181873368870672
2019-07-25,0,0,51.47938116071666,0.9066469036424305
2019-07-26,0,0,59.714286767607526,0.9039350983473885
2019-07-27,0,0,55.97508788998115,0.9012314041349836
2019-07-28,0,0,51.407308747795646,0.8985357967447494
2019-07-29,0,0,277.9132163012358,0.17916965039775712
2019-07-30,0,0,291.07473910971197,0.1786337491503062
2019-07-31,0,0,262.4304538319414,0.17809945079791248
2019-08-01,0,0,60.01767577881503,0.887833752731366
2019-08-02,0,0,59.22401671218221,0.8851782180771347
2019-08-03,0,0,55.96340709031474,0.8825306261985392
2019-08-04,0,0,55.363983888357474,0.8798909533385236
2019-08-05,0,0,290.22524660529314,0.17545183516221857
2019-08-06,0,0,320.4987224997234,0.17492705400021794
2019-08-07,0,0,305.8944454991735,0.17440384247279955
2019-08-08,0,0,55.36512997921866,0.8694109794257184
2019-08-09,0,0,57.07703411611678,0.8668105477823713
2019-08-10,0,0,59.480628706105975,0.8642178941000712
2019-08-11,0,0,52.30244312809191,0.861632995114727
2019-08-12,0,0,307.9589458480584,0.17181116552636677
2019-08-13,0,0,279.7362598873214,0.17129727370525105
2019-08-14,0,0,289.9507274609044,0.17078491894840586
2019-08-15,0,0,58.51768553089384,0.8513704832921507
2019-08-16,0,0,57.4411095049373,0.8488240112583757
2019-08-17,0,0,59.885572774036795,0.8462851557910028
2019-08-18,0,0,56.91241107642843,0.8437538941086768
2019-08-19,0,0,295.933817946008,0.16824604069963686
2019-08-20,0,0,288.3698348091754,0.16774281226284835
2019-08-21,0,0,324.27605904926554,0.16724108899586076
2019-08-22,0,0,65.65205526597619,0.8337043319833519
2019-08-23,0,0,58.21666815696747,0.8312106998837009
2019-08-24,0,0,58.752174695773235,0.8287245263047865
2019-08-25,0,0,61.739175488892805,0.8262457889379727
2019-08-26,0,0,293.0144269266086,0.16475489310827016
2019-08-27,0,0,316.27487174953984,0.16426210678790645
2019-08-28,0,0,325.88589305053335,0.1637707944046924
2019-08-29,0,0,64.36825676209365,0.8164047577502095
2019-08-30,0,0,56.48843413980984,0.8139628691427812
2019-08-31,0,0,60.02468921163681,0.8115282842899115
2019-09-01,0,0,57.973149808972686,0.809100981345874
2019-09-02,0,0,333.7013743528399,0.161336187706057
2019-09-03,0,0,349.72528265615495,0.16085362682558027
2019-09-04,0,0,330.7546506855821,0.16037250929768723
2019-09-05,0,0,62.13789407400269,0.7994641540263555
2019-09-06,0,0,60.049903476881816,0.7970729352206936
2019-09-07,0,0,62.609755400180056,0.794688868614849
2019-09-08,0,0,65.9511564852212,0.7923119328163999
2019-09-09,0,0,284.0561596994859,0.15798842129938218
2019-09-10,0,0,317.39793668085645,0.15751587367834713
2019-09-11,0,0,297.8759817220692,0.15704473945996725
2019-09-12,0,0,61.72470681888764,0.7828750720835841
2019-09-13,0,0,71.66334389247972,0.7805334716685786
2019-09-14,0,0,65.01015153455415,0.7781988750434482
2019-09-15,0,0,62.7641737827048,0.7758712612596693
2019-09-16,0,0,289.7089428576815,0.15471012188627534
2019-09-17,0,0,331.30322495383996,0.15424737974703426
2019-09-18,0,0,322.068528838243,0.1537860216819883
2019-09-19,0,0,63.89224283690435,0.7666302177566701
2019-09-20,0,0,65.80494835155112,0.7643372061382554
2019-09-21,0,0,67.64450237230373,0.7620510529793175
2019-09-22,0,0,66.32361531003029,0.7597717377660195
2019-09-23,0,0,297.88072284538725,0.1514998480091767
2019-09-24,0,0,367.12215924414926,0.15104670788552016
2019-09-25,0,0,353.014625504455,0.15059492311617168
2019-09-26,0,0,59.77093086142802,0.7507224482361483
2019-09-27,0,0,62.42808912183622,0.7484770171845946
2019-09-28,0,0,74.01424805102826,0.7462383022777613
2019-09-29,0,0,68.16118046302505,0.744006283427479
2019-09-30,0,0,315.70577793423547,0.14835618812113271
2019-10-01,0,0,329.92744072759274,0.14791245076882625
2019-10-02,0,0,326.897226019582,0.1474700406468856
2019-10-03,0,0,61.67288111180187,0.7351447689276438
2019-10-04,0,0,67.25695128158694,0.7329459311342411
2019-10-05,0,0,74.73904798590966,0.7307536701238696
2019-10-06,0,0,61.74750806684274,0.7285679662251942
2019-10-07,0,0,356.035653747628,0.14527775996514364
2019-10-08,0,0,318.9876034976701,0.14484323027432072
2019-10-09,0,0,343.58805140327354,0.14441000027350023
2019-10-10,0,0,73.12642405732306,0.7198903303763708
2019-10-11,0,0,77.28378858637572,0.717737119019313
2019-10-12,0,0,62.44486066929602,0.7155903479753869
2019-10-13,0,0,76.89754235354201,0.7134499979814426
2019-10-14,0,0,357.8319315577886,0.1422632099663896
2019-10-15,0,0,355.52689225377327,0.14183769687576236
2019-10-16,0,0,393.90644051106995,0.14141345650624365
2019-10-17,0,0,74.88739001072092,0.7049524252554508
2019-10-18,0,0,72.08040748888762,0.7028438935747265
2019-10-19,0,0,73.49583219983941,0.7007416685690196
2019-10-20,0,0,65.10301694342687,0.698645731374895
2019-10-21,0,0,383.9695718667004,0.13931121263706808
2019-10-22,0,0,349.3387437257465,0.13889452904991836
2019-10-23,0,0,328.106741638484,0.13847909177459458
2019-10-24,0,0,73.99893714700855,0.6903244854167215
2019-10-25,0,0,72.4905286686178,0.6882597062978282
2019-10-26,0,0,77.7919216592707,0.6862011029888617
2019-10-27,0,0,68.41041626453114,0.6841486570178084
2019-10-28,0,0,381.43307727780103,0.1364204699935812
2019-10-29,0,0,400.8789238579723,0.13601243269549473
2019-10-30,0,0,347.45155772705095,0.1356056158479509
2019-10-31,0,0,73.55976521086284,0.6760000790027452
2019-11-01,0,0,70.3207089072294,0.6739781445690382
2019-11-02,0,0,77.8658002734203,0.6719622577956512
2019-11-03,0,0,67.75599248226402,0.6699524005938697
2019-11-04,0,0,355.448321289286,0.1335897109858167
2019-11-05,0,0,404.8419419669847,0.13319014056412437
2019-11-06,0,0,371.63611848580126,0.13279176526831943
2019-11-07,0,0,72.49277848086956,0.66197290761874
2019-11-08,0,0,73.564789333729,0.6599929288322434
2019-11-09,0,0,81.3148099896333,0.6580188722155966
2019-11-10,0,0,84.40902883264926,0.6560507200554304
2019-11-11,0,0,382.2160244620789,0.13081769093827147
2019-11-12,0,0,407.0745029707797,0.130426411703162
2019-11-13,0,0,391.81651795363706,0.13003630279477765
2019-11-14,0,0,77.288427610174,0.648236803563198
2019-11-15,0,0,72.19836910621807,0.646297909833697
2019-11-16,0,0,75.62869699805118,0.6443648153875344
2019-11-17,0,0,77.13659937095058,0.6424375028788978
2019-11-18,0,0,423.8072356000688,0.12810319100277143
2019-11-19,0,0,372.73609941123846,0.12772003091004133
2019-11-20,0,0,398.3652054286439,0.12733801685946294
2019-11-21,0,0,83.29347288547247,0.634785727115966
2019-11-22,0,0,87.91780580045743,0.6328870659182114
2019-11-23,0,0,87.9563797493821,0.6309940836672099
2019-11-24,0,0,80.1717943679775,0.6291067633770787
2019-11-25,0,0,405.03992276435014,0.12544501762254828
2019-11-26,0,0,420.2145793519338,0.12506980819795444
2019-11-27,0,0,440.3563016300838,0.1246957210348499
2019-11-28,0,0,80.39288299741683,0.6216137638826009
2019-11-29,0,0,74.1552180834748,0.6197545003814566
2019-11-30,0,0,79.32467234814503,0.6179007979874941
2019-12-01,0,0,81.26146992923138,0.6160526400672923
2019-12-02,0,0,400.46237550555605,0.12284200200743635
2019-12-03,0,0,395.4288092366831,0.1224745782726185
2019-12-04,0,0,419.1334853554505,0.12210825351208227
2019-12-05,0,0,88.3756088487386,0.608715122193829
2019-12-06,0,0,79.91670313839047,0.6068944388771974
2019-12-07,0,0,85.8304524671112,0.6050792012733773
2019-12-08,0,0,77.66158285452788,0.6032693930940951
2019-12-09,0,0,395.6658785659595,0.12029299961995935
2019-12-10,0,0,398.73878216958104,0.11993320001989967
2019-12-11,0,0,439.9496814669753,0.11957447659012929
2019-12-12,0,0,91.73771894864467,0.5960841305589687
2019-12-13,0,0,89.29507917872347,0.5943012268783338
2019-12-14,0,0,87.89519483115224,0.592523655910602
2019-12-15,0,0,91.52938420955505,0.5907514017054855
2019-12-16,0,0,465.60486967155447,0.11779688967208107
2019-12-17,0,0,426.06241885160335,0.11744455600406889
2019-12-18,0,0,387.451586360121,0.11709327617554226
2019-12-19,0,0,87.11273860168073,0.5837152351721939
2019-12-20,0,0,93.43279527649547,0.581969327190622
2019-12-21,0,0,86.41399650420294,0.5802286412668216
2019-12-22,0,0,85.49788775702456,0.5784931617814772
2019-12-23,0,0,388.91836636302133,0.11535257463239845
2019-12-24,0,0,465.90896725406424,0.11500755197646906
2019-12-25,0,0,449.18378923120173,0.1146635612925913
2019-12-26,0,0,97.84580806117641,0.571602997470544
2019-12-27,0,0,88.59573997848429,0.5698933175179901
2019-12-28,0,0,90.58918091758997,0.5681887512641975
2019-12-29,0,0,88.59618671354285,0.5664892834139558
2019-12-30,0,0,417.51431885518537,0.11295897974356066
2019-12-31,0,0,471.74454823162563,0.11262111639437754
2020-01-01,0,0,483.10075829751696,0.11228426360356686
2020-01-02,0,0,99.66795776329768,0.5597420917426056
2020-01-03,0,0,87.25910129452075,0.5580678880783705
2020-01-04,0,0,91.78686481929982,0.5563986920023635
2020-01-05,0,0,95.63243656224047,0.5547344885367533
2020-01-06,0,0,479.9155788874609,0.11061505254970173
2020-01-07,0,0,455.94400963964034,0.1102841999498522
2020-01-08,0,0,514.3711720453807,0.1099543369390351
2020-01-09,0,0,83.1928767304319,0.5481273027868142
2020-01-10,0,0,91.77626013256777,0.5464878392690072
2020-01-11,0,0,98.5355786504139,0.5448532794307152
2020-01-12,0,0,97.61025782238963,0.5432236086049005
2020-01-13,0,0,474.66679414722654,0.10831976243367925
2020-01-14,0,0,472.4819653915287,0.1079957751083542
2020-01-15,0,0,463.6290814231057,0.10767275683784068
2020-01-16,0,0,93.32130261245483,0.5367535236183476
2020-01-17,0,0,92.73383608317197,0.5351480793802071
2020-01-18,0,0,84.577836860638,0.5335474370690001
2020-01-19,0,0,103.5473467230199,0.5319515823220341
2020-01-20,0,0,501.8430359290203,0.10607210016391523
2020-01-21,0,0,465.847355124334,0.10575483565694441
2020-01-22,0,0,457.614009407143,0.10543852009665446
2020-01-23,0,0,99.55408767481218,0.5256157532236008
2020-01-24,0,0,97.39458171289134,0.5240436223565312
2020-01-25,0,0,85.40893334105243,0.5224761937752057
2020-01-26,0,0,93.08818538495535,0.5209134534149609
2020-01-27,0,0,461.5451254798874,0.1038710774506404
2020-01-28,0,0,482.08140627757325,0.10356039626185486
2020-01-29,0,0,485.6368907122479,0.10325064432886827
2020-01-30,0,0,108.8848641734582,0.5147090943612569
2020-01-31,0,0,99.81994005722656,0.5131695856044436
2020-02-01,0,0,102.91935156676959,0.5116346815597643
2020-02-02,0,0,94.86075533610784,0.5101043684544012
2020-02-03,0,0,530.0021360057715,0.10171572651134637
2020-02-04,0,0,458.452008367388,0.10141149203524066
2020-02-05,0,0,465.63625012279635,0.10110816753264275
2020-02-06,0,0,100.54733603377903,0.5040287514089861
2020-02-07,0,0,96.26499148296429,0.5025211878454497
2020-02-08,0,0,88.67070263456695,0.5010181334451144
2020-02-09,0,0,97.39530042823064,0.4995195747209516
2020-02-10,0,0,492.6082768398724,0.09960509964525471
2020-02-11,0,0,499.0739211838895,0.09930717811092195
2020-02-12,0,0,482.7468424458609,0.09901014766791821
2020-02-13,0,0,103.70879591005544,0.4935700282548259
2020-02-14,0,0,99.08612463117758,0.49209374701378455
2020-02-15,0,0,112.46239788787703,0.49062188136967555
2020-02-16,0,0,108.55661948040205,0.48915441811532967
2020-02-17,0,0,552.0453714155898,0.09753826881661624
2020-02-18,0,0,561.4855213441257,0.09724652922892947
2020-02-19,0,0,482.577689709641,0.09695566224220287
2020-02-20,0,0,103.98846080327245,0.48332832623231664
2020-02-21,0,0,100.0678132922978,0.4818826781977235
2020-02-22,0,0,92.90627479456614,0.4804413541353176
2020-02-23,0,0,117.17649899675641,0.4790043411119817
2020-02-24,0,0,526.8880325313597,0.09551432524665653
2020-02-25,0,0,548.6438977652825,0.09522863932867054
2020-02-26,0,0,507.4442311704669,0.09494380790495568
2020-02-27,0,0,112.39647291344691,0.47329914209848223
2020-02-28,0,0,116.73580105353,0.4718834916236115
2020-02-29,0,0,119.19907709334878,0.47047207539741925
2020-03-01,0,0,105.2681827745425,0.4690648807551538
2020-03-02,0,0,577.3646547051303,0.093532379013989
2020-03-03,0,0,527.984616140653,0.0932526211505374
2020-03-04,0,0,516.2647812659018,0.09297370005038624
2020-03-05,0,0,106.50062179186926,0.46347806605376907
2020-03-06,0,0,104.25378170964929,0.46209179068172396
2020-03-07,0,0,109.13920474049672,0.4607096616966341
2020-03-08,0,0,104.71291990110697,0.4593316666965445
2020-03-09,0,0,525.306537720148,0.09159155866331915
2020-03-10,0,0,559.4378961725527,0.09131760584578182
2020-03-11,0,0,514.2911327493043,0.09104447242849634
2020-03-12,0,0,105.4346140175489,0.45386077980307155
2020-03-13,0,0,105.39689824469107,0.4525032699930923
2020-03-14,0,0,114.74840771421424,0.4511498205314978
2020-03-15,0,0,119.09982683053077,0.44980041927367687
2020-03-16,0,0,602.222552821746,0.08969101082226877
2020-03-17,0,0,611.8163307657782,0.08942274259448534
2020-03-18,0,0,586.087692943977,0.08915527676419277
2020-03-19,0,0,105.85543138645724,0.44444305465699185
2020-03-20,0,0,108.76625170723506,0.4431137135164425
2020-03-21,0,0,120.28595853374397,0.44178834847102955
2020-03-22,0,0,120.62231879835912,0.44046694762814514
2020-03-23,0,0,574.4577576877361,0.0878298998261508
2020-03-24,0,0,595.9171774615248,0.08756719823145645
2020-03-25,0,0,555.0457337474724,0.08730528238430353
2020-03-26,0,0,115.50829967106573,0.43522074967249913
2020-03-27,0,0,109.60305304022384,0.4339189926944159
2020-03-28,0,0,114.91059116244472,0.4326211293064965
2020-03-29,0,0,122.23096523817998,0.43132714786290777
2020-03-30,0,0,588.196668163694,0.0860074073505302
2020-03-31,0,0,523.4117060165119,0.08575015687989054
2020-04-01,0,0,657.4977590974569,0.08549367585233354
2020-04-02,0,0,112.55692314096703,0.4261898098321702
2020-04-03,0,0,116.49013594246408,0.42491506463825546
2020-04-04,0,0,117.60871867189071,0.42364413224153097
2020-04-05,0,0,110.13108532202841,0.4223770012378175
2020-04-06,0,0,597.8782213716511,0.08422273205140948
2020-04-07,0,0,588.6244329305828,0.0839708195926316
2020-04-08,0,0,557.3688597358447,0.08371966061079922
2020-04-09,0,0,120.27856328849042,0.4173462642612115
2020-04-10,0,0,130.9607321075242,0.41609797035016105
2020-04-11,0,0,117.90815591390798,0.4148534101198017
2020-04-12,0,0,122.25390877878716,0.41361257240259397
2020-04-13,0,0,581.7251590720778,0.08247508921288035
2020-04-14,0,0,561.1233001961978,0.08222840400087772
2020-04-15,0,0,617.3940468247117,0.08198245663098479
2020-04-16,0,0,124.37978978275767,0.40868622448147857
2020-04-17,0,0,124.72800544068774,0.40746383298253097
2020-04-18,0,0,135.53997802453307,0.40624509768946265
2020-04-19,0,0,135.28808358422862,0.4050300076664633
2020-04-20,0,0,608.9271407323946,0.0807637104020866
2020-04-21,0,0,577.6142211759947,0.08052214397017608
2020-04-22,0,0,630.1250263464887,0.0802813000699662
2020-04-23,0,0,129.50780145208876,0.40020588270172486
2020-04-24,0,0,126.74650674123791,0.39900885613332493
2020-04-25,0,0,129.1430079373476,0.39781540990361414
2020-04-26,0,0,125.80229854525516,0.39662553330370304
2020-04-27,0,0,620.0062651671604,0.0790878431313468
2020-04-28,0,0,597.0199620268473,0.07885128926355614
2020-04-29,0,0,593.328528488405,0.0786154429347519
2020-04-30,0,0,117.0832036878522,0.39190151014332836
2020-05-01,0,0,113.40441744292711,0.390729322176798
2020-05-02,0,0,132.94570719521232,0.38956064025603
2020-05-03,0,0,123.75301844390229,0.38839545389434704
2020-05-04,0,0,675.4496703449937,0.07744675052728776
2020-05-05,0,0,652.5358383346429,0.07721510521165281
2020-05-06,0,0,674.907589072203,0.07698415275339265
2020-05-07,0,0,126.80405276739843,0.3837694554007599
2020-05-08,0,0,127.42587311081058,0.3826215906288733
2020-05-09,0,0,121.68350084322984,0.38147715915141917
2020-05-10,0,0,131.4365385572339,0.38033615069932125
2020-05-11,0,0,695.0765733402486,0.07583971100684392
2020-05-12,0,0,654.8326266981413,0.0756128723896749
2020-05-13,0,0,588.4727985872519,0.07538671225291615
2020-05-14,0,0,134.8883542379746,0.37580614283607167
2020-05-15,0,0,139.84830460154518,0.3746820965464324
2020-05-16,0,0,129.74300610592093,0.37356141230950396
2020-05-17,0,0,146.3157677404915,0.37244408006929614
2020-05-18,0,0,637.2588169808125,0.07426601795997946
2020-05-19,0,0,636.5458299997437,0.07404388630107624
2020-05-20,0,0,622.4223664248502,0.0738224190439444
2020-05-21,0,0,135.08106537333938,0.3680080710067012
2020-05-22,0,0,140.12319358353324,0.36690734895982174
2020-05-23,0,0,136.2116355953078,0.3658099192022151
2020-05-24,0,0,130.06557419639213,0.36471577188655546
2020-05-25,0,0,600.2636810580273,0.07272497943899428
2020-05-26,0,0,690.6951808921287,0.07250745706779091
2020-05-27,0,0,743.4729590334086,0.07229058531185535
2020-05-28,0,0,129.52220596250484,0.36037181112589833
2020-05-29,0,0,141.376600140234,0.3592939293378847
2020-05-30,0,0,129.6242647464355,0.35821927152331473
2020-05-31,0,0,127.43615619749781,0.3571478280391972
2020-06-01,0,0,649.4973332544089,0.07121591785427679
2020-06-02,0,0,696.6283716534587,0.07100290912689611
2020-06-03,0,0,777.4841148874133,0.07079053751435306
2020-06-04,0,0,122.40189424252327,0.3528940055550991
2020-06-05,0,0,144.79912294050726,0.35183849008484464
2020-06-06,0,0,159.471455556388,0.3507861316897753
2020-06-07,0,0,133.4085794742694,0.3497369209269944
2020-06-08,0,0,667.7259592747627,0.06973816967636996
2020-06-09,0,0,692.4070032558085,0.06952958093356927
2020-06-10,0,0,651.9375620000017,0.06932161608531334
2020-06-11,0,0,153.08445250368834,0.34557136632758295
2020-06-12,0,0,150.39123888675695,0.34453775306837786
2020-06-13,0,0,136.18781616344006,0.3435072313742551
2020-06-14,0,0,150.8475320790767,0.3424797919982604
2020-06-15,0,0,732.0524274072438,0.06829108514421964
2020-06-16,0,0,751.8591877457899,0.06808682467020902
2020-06-17,0,0,673.795666218498,0.0678831751447747
2020-06-18,0,0,151.94923500231897,0.3384006737027643
2020-06-19,0,0,143.39961758613077,0.33738850817822963
2020-06-20,0,0,153.60687173694285,0.3363793700680256
2020-06-21,0,0,149.55187965531178,0.3353732503170744
2020-06-22,0,0,799.9721002079544,0.06687402797947666
2020-06-23,0,0,775.9498109880998,0.0666740059615919
2020-06-24,0,0,743.4662432619443,0.06647458221494706
2020-06-25,0,0,152.28031638865497,0.33137877475048283
2020-06-26,0,0,142.2451395040287,0.3303876119147387
2020-06-27,0,0,155.548249267302,0.32939941367371756
2020-06-28,0,0,138.1817787509311,0.32841417116023686
2020-06-29,0,0,766.5728355201172,0.0654863751067274
2020-06-30,0,0,771.7440445683345,0.0652905035959396
2020-07-01,0,0,775.9133353042407,0.06509521794211327
2020-07-02,0,0,161.334028244205,0.32450258196467135
2020-07-03,0,0,165.235816361917,0.3235319860066514
2020-07-04,0,0,147.9752795264538,0.32256429312726964
2020-07-05,0,0,138.17694422991434,0.32159949464333965
2020-07-06,0,0,703.7832641141589,0.06412751637952956
2020-07-07,0,0,843.2473741492205,0.06393570925177425
2020-07-08,0,0,725.1440951269127,0.06374447582430134
2020-07-09,0,0,157.4290166850928,0.31776907190578835
2020-07-10,0,0,169.2522783756071,0.3168186160576155
2020-07-11,0,0,170.16336073354748,0.3158710030484702
2020-07-12,0,0,158.10273518932493,0.31492622437534423
2020-07-13,0,0,807.6222426358657,0.06279685431213264
2020-07-14,0,0,822.7716269176219,0.06260902723044133
2020-07-15,0,0,790.5841366417224,0.062421761944607516
2020-07-16,0,0,167.33917923942883,0.31117528387142235
2020-07-17,0,0,159.55199080677136,0.31024455022076014
2020-07-18,0,0,177.9537122323634,0.30931660041950165
2020-07-19,0,0,174.77020114234782,0.30839142614107845
2020-07-20,0,0,846.9647525550369,0.06149380381676559
2020-07-21,0,0,841.6651678870919,0.061309874194183045
2020-07-22,0,0,734.3970490207465,0.06112649471005289
2020-07-23,0,0,159.56965940729,0.30471831859448006
2020-07-24,0,0,176.50503800722797,0.3038068979007778
2020-07-25,0,0,149.62482333394473,0.3028982032909051
2020-07-26,0,0,173.3348765811283,0.30199222661107195
2020-07-27,0,0,815.9167094587036,0.060217791946375464
2020-07-28,0,0,842.5256266131213,0.06003767890964653
2020-07-29,0,0,793.1769035558973,0.059858104595858955
2020-07-30,0,0,167.74305262411298,0.29839533696838866
2020-07-31,0,0,160.07665498976817,0.2975028284829399
2020-08-01,0,0,158.23334874189848,0.29661298951439674
2020-08-02,0,0,158.96709645952808,0.2957258120781623
2020-08-03,0,0,889.0008177643772,0.05896825764270454
2020-08-04,0,0,840.5999749506062,0.0587918819967144
2020-08-05,0,0,885.4237360707299,0.05861603389502932
2020-08-06,0,0,191.09110298965192,0.2922035587987495
2020-08-07,0,0,178.28887297528854,0.29132957008848404
2020-08-08,0,0,151.84356511886216,0.29045819550197816
2020-08-09,0,0,173.8098864452478,0.2895894272203172
2020-08-10,0,0,941.0404620248063,0.05774465148959485
2020-08-11,0,0,864.4338035640073,0.05757193568254722
2020-08-12,0,0,971.098452532654,0.057399736473127835
2020-08-13,0,0,171.77655523297233,0.2861402615808956
2020-08-14,0,0,193.07033767675492,0.2852844083558282
2020-08-15,0,0,186.79106070284936,0.2844311150107958
2020-08-16,0,0,176.03628092834936,0.2835803738891285
2020-08-17,0,0,831.2481238017992,0.056546435471411645
2020-08-18,0,0,818.0057110464057,0.05637730356072946
2020-08-19,0,0,974.9864359204654,0.05620867752814503
2020-08-20,0,0,176.57455749707356,0.28020277930281584
2020-08-21,0,0,176.40909110383444,0.27936468524707464
2020-08-22,0,0,184.9466530736747,0.27852909795321507
2020-08-23,0,0,173.45871801471137,0.27769600992344473
2020-08-24,0,0,966.8453036638797,0.055373082736479694
2020-08-25,0,0,823.7058014195594,0.055207460355413455
2020-08-26,0,0,845.1974140746195,0.055042333355347424
2020-08-27,0,0,176.45118475195008,0.2743885012729175
2020-08-28,0,0,184.08553652158585,0.27356779787927965
2020-08-29,0,0,189.98947346193432,0.27274954923158495
2020-08-30,0,0,206.59323683018823,0.2719337479876221
2020-08-31,0,0,966.7823163133307,0.05422407736542832
2020-09-01,0,0,970.9230846633767,0.05406189169035726
2020-09-02,0,0,981.102835129874,0.053900191117006245
2020-09-03,0,0,184.8568362393759,0.268694870972114
2020-09-04,0,0,184.09044379530013,0.2678911973799741
2020-09-05,0,0,180.73758932246542,0.2670899275971826
2020-09-06,0,0,183.94189796685782,0.26629105443388096
2020-09-07,0,0,1035.0341416716224,0.05309891414434335
2020-09-08,0,0,869.211843392526,0.05294009386275509
2020-09-09,0,0,1018.3377196278489,0.05278174861690438
2020-09-10,0,0,205.1882295605287,0.26311938492973186
2020-09-11,0,0,205.13500353620933,0.2623323877664326
2020-09-12,0,0,214.81808505619833,0.26154774453283414
2020-09-13,0,0,198.01856211035798,0.26076544818826936
2020-09-14,0,0,979.2047223503864,0.05199709834262617
2020-09-15,0,0,915.9883729204021,0.05184157362176089
2020-09-16,0,0,955.7499152680108,0.05168651407952233
2020-09-17,0,0,183.51083901480186,0.25765959162274255
2020-09-18,0,0,205.55343037454588,0.25688892484819803
2020-09-19,0,0,211.29642035467114,0.2561205631587219
2020-09-20,0,0,181.04326625390232,0.25535449965974266
2020-09-21,0,0,855.0914335567261,0.05091814549546232
2020-09-22,0,0,879.5091639855035,0.05076584795160751
2020-09-23,0,0,916.3564772354033,0.0506140059338061
2020-09-24,0,0,215.1300836193438,0.2523130903978361
2020-09-25,0,0,204.17035137056982,0.251558415152379
2020-09-26,0,0,181.8497182221751,0.25080599716089635
2020-09-27,0,0,191.77894185616384,0.2500558296718807
2020-09-28,0,0,997.1276550791156,0.04986158119080392
2020-09-29,0,0,1138.4080490818649,0.04971244385922625
2020-09-30,0,0,957.8767931211187,0.049563752601421984
2020-10-01,0,0,184.73359258255644,0.24707753041586147
2020-10-02,0,0,219.21286677649,0.24633851487124775
2020-10-03,0,0,179.8208280920567,0.2456017097420217
2020-10-04,0,0,202.2467021853177,0.2448671084167714
2020-10-05,0,0,994.4025728092321,0.048826940860772154
2020-10-06,0,0,978.5957794657239,0.04868089816627334
2020-10-07,0,0,1075.2949737252573,0.048535292289405126
2020-10-08,0,0,201.59669219942137,0.24195060961817025
2020-10-09,0,0,215.0109216033674,0.24122692883167526
2020-10-10,0,0,215.66818746865917,0.24050541259389363
2020-10-11,0,0,224.47903021745054,0.23978605443060183
2020-10-12,0,0,1092.473367740263,0.047813769577388386
2020-10-13,0,0,1082.0443527372818,0.04767075730547197
2020-10-14,0,0,1036.7404787460755,0.04752817278711064
2020-10-15,0,0,212.4544809291843,0.23693007371440916
2020-10-16,0,0,215.72974863215035,0.23622140948595133
2020-10-17,0,0,205.73339786828174,0.23551486489127751
2020-10-18,0,0,206.83634718097272,0.23481043359050602
2020-10-19,0,0,1059.1523170220366,0.04682162185254374
2020-10-20,0,0,1128.6002525975443,0.0466815771211802
2020-10-21,0,0,1067.6746035278575,0.04654195126737806
2020-10-22,0,0,212.26958169138624,0.23201371519131567
2020-10-23,0,0,203.80701185025063,0.23131975592354506
2020-10-24,0,0,216.70548639557646,0.2306278723066252
2020-10-25,0,0,207.25973081208826,0.22993805813222853
2020-10-26,0,0,1086.261139281995,0.045850061442119484
2020-10-27,0,0,1134.0427362513974,0.045712922674097205
2020-10-28,0,0,1082.193718615594,0.045576194091821745
2020-10-29,0,0,227.9198550497266,0.22719937234208182
2020-10-30,0,0,229.99706699420807,0.22651981290337173
2020-10-31,0,0,209.81913989869602,0.22584228604523604
2020-11-01,0,0,217.03416316780837,0.22516678568817156
2020-11-02,0,0,1046.3391248774435,0.044898661154171945
2020-11-03,0,0,1105.0254469241995,0.04476436805002189
2020-11-04,0,0,1079.8249182971958,0.04463047662016141
2020-11-05,0,0,205.52159900297718,0.22248492831585875
2020-11-06,0,0,245.6435769805884,0.22181946990614038
2020-11-07,0,0,202.58018218694832,0.22115600190043908
2020-11-08,0,0,232.87865230834092,0.2204945183454029
2020-11-09,0,0,1100.534237304896,0.04396700266109743
2020-11-10,0,0,1116.3730222612453,0.043835496172579695
2020-11-11,0,0,1091.7934767647307,0.04370438302350917
2020-11-12,0,0,243.99102796598686,0.21786831018698424
2020-11-13,0,0,219.51846142010638,0.21721666020636518
2020-11-14,0,0,225.50674943085616,0.21656695932838005
2020-11-15,0,0,240.25304332832349,0.21591920172321047
2020-11-16,0,0,1168.2500912861508,0.04305467631569514
2020-11-17,0,0,1134.9306502071372,0.04292589861983563
2020-11-18,0,0,1222.822378424053,0.042797506101531047
2020-11-19,0,0,224.841700773544,0.21334748804352408
2020-11-20,0,0,220.04253958744695,0.21270935996363322
2020-11-21,0,0,235.93529330279603,0.2120731405420072
2020-11-22,0,0,243.66880694031104,0.21143882406979786
2020-11-23,0,0,1304.1718232816102,0.042161280971046544
2020-11-24,0,0,1103.028048872653,0.04203517544471242
2020-11-25,0,0,1223.4132495060915,0.04190944710340221
2020-11-26,0,0,251.97816549495045,0.20892047409472636
2020-11-27,0,0,254.3919539543347,0.20829558733272818
2020-11-28,0,0,218.44683545395645,0.20767256962385663
2020-11-29,0,0,232.38212233735734,0.20705141537772348
2020-11-30,0,0,1340.0931929433261,0.04128642380413242
2020-12-01,0,0,1255.5122045282405,0.04116293499913502
2020-12-02,0,0,1219.6332346992465,0.0410398155524776
2020-12-03,0,0,243.97582867192298,0.20458532179699643
2020-12-04,0,0,273.7623178915776,0.20397340159221977
2020-12-05,0,0,215.8856494770457,0.20336331165724805
2020-12-06,0,0,239.15477597218583,0.202755046517695
2020-12-07,0,0,1232.9451251496478,0.04042972014310979
2020-12-08,0,0,1211.224789913608,0.04030879376182432
2020-12-09,0,0,1251.7842880168696,0.040188229074600526
2020-12-10,0,0,245.95557979059618,0.20034012499800805
2020-12-11,0,0,247.77037107775794,0.19974090229113467
2020-12-12,0,0,259.8938095176318,0.19914347187550815
2020-12-13,0,0,241.0835991944224,0.19854782839033716
2020-12-14,0,0,1325.8597801890699,0.03959079329817303
2020-12-15,0,0,1380.2811046733652,0.03947237616966404
2020-12-16,0,0,1189.4906008968542,0.039354313229974125
2020-12-17,0,0,243.28105254473158,0.19618301709857439
2020-12-18,0,0,240.77968742090204,0.19559622841333438
2020-12-19,0,0,252.84227759724558,0.19501119482884788
2020-12-20,0,0,290.2148234895879,0.1944279110955612
2020-12-21,0,0,1477.198542748237,0.038769274395924584
2020-12-22,0,0,1352.8550554304354,0.03865331445256688
2020-12-23,0,0,1298.625648507378,0.038537701348521324
2020-12-24,0,0,268.4169412905243,0.19211217023191035
2020-12-25,0,0,251.37516036470237,0.19153755755923269
2020-12-26,0,0,262.60829042027893,0.19096466356852712
2020-12-27,0,0,273.1597160163696,0.19039348311916965
2020-12-28,0,0,1443.1602253899225,0.03796480221718249
2020-12-29,0,0,1128.3067981808101,0.0378512484717672
2020-12-30,0,0,1434.6281199451562,0.037738034368661216
2020-12-31,0,0,292.9602899425369,0.1881257944599258
